time_iso8601,clones_total,clones_unique,views_total,views_unique
2026-09-10 00:00:00+00:00,2,2,11,1
2026-09-11 00:00:00+00:00,2,2,1,1
2026-09-12 00:00:00+00:00,13,7,3,1
2026-09-13 00:00:00+00:00,14,8,1,1
2026-09-14 00:00:00+00:00,4,4,15,5
2026-09-15 00:00:00+00:00,7,7,5,3
2026-09-16 00:00:00+00:00,13,6,2,1
2026-09-17 00:00:00+00:00,11,5,5,2
2026-09-18 00:00:00+00:00,15,8,1,1
2026-09-19 00:00:00+00:00,24,13,0,0
2026-09-20 00:00:00+00:00,14,7,3,3
2026-09-21 00:00:00+00:00,2,2,0,0
2026-09-22 00:00:00+00:00,3,3,3,2
2026-09-23 00:00:00+00:00,2,2,0,0
2026-09-24 00:00:00+00:00,4,4,0,0
2026-09-25 00:00:00+00:00,9,7,2,2
2026-09-26 00:00:00+00:00,21,14,0,0
2026-09-27 00:00:00+00:00,15,9,0,0
2026-09-28 00:00:00+00:00,6,6,1,1
2026-09-29 00:00:00+00:00,3,3,4,2
2026-09-30 00:00:00+00:00,5,5,3,2
2026-10-01 00:00:00+00:00,2,2,5,5
2026-10-02 00:00:00+00:00,3,3,2,2
2026-10-03 00:00:00+00:00,24,14,3,2
